{
    "$schema": "http://json-schema.org/schema#",
    "type": "object",
    "properties": {
        "affinity": {
            "type": "object"
        },
        "args": {
            "type": "array"
        },
        "command": {
            "type": "array"
        },
        "commonAnnotations": {
            "type": "object"
        },
        "commonLabels": {
            "type": "object"
        },
        "config": {
            "type": "object",
            "properties": {
                "amf": {
                    "type": "object",
                    "properties": {
                        "bind_interface": {
                            "type": "string"
                        },
                        "hostname": {
                            "type": "string"
                        }
                    }
                },
                "cell_cfg": {
                    "type": "object",
                    "properties": {
                        "band": {
                            "type": "integer"
                        },
                        "channel_bandwidth_MHz": {
                            "type": "integer"
                        },
                        "common_scs": {
                            "type": "integer"
                        },
                        "dl_arfcn": {
                            "type": "integer"
                        },
                        "plmn": {
                            "type": "string"
                        },
                        "tac": {
                            "type": "integer"
                        }
                    }
                },
                "ru_sdr": {
                    "type": "object",
                    "properties": {
                        "device_args": {
                            "type": "string"
                        },
                        "device_driver": {
                            "type": "string"
                        },
                        "rx_gain": {
                            "type": "integer"
                        },
                        "srate": {
                            "type": "number"
                        },
                        "tx_gain": {
                            "type": "integer"
                        }
                    }
                },
                "slicing": {
                    "type": "array",
                    "items": {
                        "type": "object",
                        "properties": {
                            "sd": {
                                "type": "integer"
                            },
                            "sst": {
                                "type": "integer"
                            }
                        }
                    }
                },
                "slicing_enabled": {
                    "type": "boolean"
                }
            }
        },
        "containerPorts": {
            "type": "object",
            "properties": {
                "gtpu": {
                    "type": "integer"
                }
            }
        },
        "containerSecurityContext": {
            "type": "object",
            "properties": {
                "capabilities": {
                    "type": "object",
                    "properties": {
                        "add": {
                            "type": "array",
                            "items": {
                                "type": "string"
                            }
                        }
                    }
                },
                "enabled": {
                    "type": "boolean"
                },
                "privileged": {
                    "type": "boolean"
                }
            }
        },
        "customLivenessProbe": {
            "type": "object"
        },
        "customReadinessProbe": {
            "type": "object"
        },
        "customStartupProbe": {
            "type": "object"
        },
        "extraDeploy": {
            "type": "array"
        },
        "extraEnvVars": {
            "type": "array"
        },
        "extraEnvVarsCM": {
            "type": "string"
        },
        "extraEnvVarsSecret": {
            "type": "string"
        },
        "extraVolumeMounts": {
            "type": "array"
        },
        "extraVolumes": {
            "type": "array"
        },
        "fullnameOverride": {
            "type": "string"
        },
        "global": {
            "type": "object",
            "properties": {
                "imagePullSecrets": {
                    "type": "array"
                },
                "imageRegistry": {
                    "type": "string"
                },
                "storageClass": {
                    "type": "string"
                }
            }
        },
        "hostAliases": {
            "type": "array"
        },
        "image": {
            "type": "object",
            "properties": {
                "srsran": {
                    "type": "object",
                    "properties": {
                        "debug": {
                            "type": "boolean"
                        },
                        "digest": {
                            "type": "string"
                        },
                        "pullPolicy": {
                            "type": "string"
                        },
                        "registry": {
                            "type": "string"
                        },
                        "repository": {
                            "type": "string"
                        },
                        "tag": {
                            "type": "string"
                        }
                    }
                }
            }
        },
        "initContainers": {
            "type": "array"
        },
        "kubeVersion": {
            "type": "string"
        },
        "lifecycleHooks": {
            "type": "object"
        },
        "livenessProbe": {
            "type": "object",
            "properties": {
                "enabled": {
                    "type": "boolean"
                },
                "failureThreshold": {
                    "type": "integer"
                },
                "initialDelaySeconds": {
                    "type": "integer"
                },
                "periodSeconds": {
                    "type": "integer"
                },
                "successThreshold": {
                    "type": "integer"
                },
                "timeoutSeconds": {
                    "type": "integer"
                }
            }
        },
        "nameOverride": {
            "type": "string"
        },
        "namespaceOverride": {
            "type": "string"
        },
        "nodeAffinityPreset": {
            "type": "object",
            "properties": {
                "key": {
                    "type": "string"
                },
                "type": {
                    "type": "string"
                },
                "values": {
                    "type": "array"
                }
            }
        },
        "nodeSelector": {
            "type": "object"
        },
        "podAffinityPreset": {
            "type": "string"
        },
        "podAnnotations": {
            "type": "object"
        },
        "podAntiAffinityPreset": {
            "type": "string"
        },
        "podLabels": {
            "type": "object"
        },
        "podSecurityContext": {
            "type": "object",
            "properties": {
                "enabled": {
                    "type": "boolean"
                },
                "fsGroup": {
                    "type": "integer"
                }
            }
        },
        "priorityClassName": {
            "type": "string"
        },
        "readinessProbe": {
            "type": "object",
            "properties": {
                "enabled": {
                    "type": "boolean"
                },
                "failureThreshold": {
                    "type": "integer"
                },
                "initialDelaySeconds": {
                    "type": "integer"
                },
                "periodSeconds": {
                    "type": "integer"
                },
                "successThreshold": {
                    "type": "integer"
                },
                "timeoutSeconds": {
                    "type": "integer"
                }
            }
        },
        "replicaCount": {
            "type": "integer"
        },
        "resources": {
            "type": "object",
            "properties": {
                "limits": {
                    "type": "object"
                },
                "requests": {
                    "type": "object"
                }
            }
        },
        "schedulerName": {
            "type": "string"
        },
        "serviceAccount": {
            "type": "object",
            "properties": {
                "annotations": {
                    "type": "object"
                },
                "automountServiceAccountToken": {
                    "type": "boolean"
                },
                "create": {
                    "type": "boolean"
                },
                "name": {
                    "type": "string"
                }
            }
        },
        "services": {
            "type": "object",
            "properties": {
                "gtpu": {
                    "type": "object",
                    "properties": {
                        "annotations": {
                            "type": "object"
                        },
                        "clusterIP": {
                            "type": "string"
                        },
                        "externalTrafficPolicy": {
                            "type": "string"
                        },
                        "extraPorts": {
                            "type": "array"
                        },
                        "loadBalancerIP": {
                            "type": "string"
                        },
                        "loadBalancerSourceRanges": {
                            "type": "array"
                        },
                        "nodePorts": {
                            "type": "object",
                            "properties": {
                                "gtpu": {
                                    "type": "string"
                                }
                            }
                        },
                        "ports": {
                            "type": "object",
                            "properties": {
                                "gtpu": {
                                    "type": "integer"
                                }
                            }
                        },
                        "sessionAffinity": {
                            "type": "string"
                        },
                        "sessionAffinityConfig": {
                            "type": "object"
                        },
                        "type": {
                            "type": "string"
                        }
                    }
                }
            }
        },
        "sessionAffinity": {
            "type": "string"
        },
        "sidecars": {
            "type": "array"
        },
        "startupProbe": {
            "type": "object",
            "properties": {
                "enabled": {
                    "type": "boolean"
                },
                "failureThreshold": {
                    "type": "integer"
                },
                "initialDelaySeconds": {
                    "type": "integer"
                },
                "path": {
                    "type": "string"
                },
                "periodSeconds": {
                    "type": "integer"
                },
                "successThreshold": {
                    "type": "integer"
                },
                "timeoutSeconds": {
                    "type": "integer"
                }
            }
        },
        "topologySpreadConstraints": {
            "type": "array"
        },
        "ue": {
            "type": "object",
            "properties": {
                "config": {
                    "type": "object",
                    "properties": {
                        "imei": {
                            "type": "string"
                        },
                        "imsi": {
                            "type": "string"
                        },
                        "k": {
                            "type": "string"
                        },
                        "opc": {
                            "type": "string"
                        },
                        "resources": {
                            "type": "object"
                        }
                    }
                },
                "image": {
                    "type": "object",
                    "properties": {
                        "digest": {
                            "type": "string"
                        },
                        "pullPolicy": {
                            "type": "string"
                        },
                        "registry": {
                            "type": "string"
                        },
                        "repository": {
                            "type": "string"
                        },
                        "tag": {
                            "type": "string"
                        }
                    }
                }
            }
        },
        "updateStrategy": {
            "type": "object",
            "properties": {
                "type": {
                    "type": "string"
                }
            }
        }
    }
}
