{
    "$schema": "https://json-schema.org/draft/2020-12/schema",
    "type": "object",
    "properties": {
        "affinity": {
            "type": "object"
        },
        "args": {
            "type": "array"
        },
        "command": {
            "type": "array"
        },
        "commonAnnotations": {
            "type": "object"
        },
        "commonLabels": {
            "type": "object"
        },
        "config": {
            "type": "object",
            "properties": {
                "logLevel": {
                    "type": "string"
                },
                "n32": {
                    "type": "object",
                    "properties": {
                        "client": {
                            "type": "object",
                            "properties": {
                                "sepp": {
                                    "type": "object",
                                    "properties": {
                                        "receiver": {
                                            "type": "string"
                                        },
                                        "uri": {
                                            "type": "string"
                                        }
                                    }
                                }
                            }
                        },
                        "server": {
                            "type": "object",
                            "properties": {
                                "sender": {
                                    "type": "string"
                                }
                            }
                        }
                    }
                },
                "sbi": {
                    "type": "object",
                    "properties": {
                        "client": {
                            "type": "object",
                            "properties": {
                                "nrf": {
                                    "type": "object",
                                    "properties": {
                                        "enabled": {
                                            "type": "boolean"
                                        },
                                        "uri": {
                                            "type": "string"
                                        }
                                    }
                                },
                                "scp": {
                                    "type": "object",
                                    "properties": {
                                        "enabled": {
                                            "type": "boolean"
                                        },
                                        "uri": {
                                            "type": "string"
                                        }
                                    }
                                }
                            }
                        },
                        "server": {
                            "type": "null"
                        }
                    }
                }
            }
        },
        "containerPorts": {
            "type": "object",
            "properties": {
                "n32": {
                    "type": "integer"
                },
                "sbi": {
                    "type": "integer"
                }
            }
        },
        "containerSecurityContext": {
            "type": "object",
            "properties": {
                "enabled": {
                    "type": "boolean"
                },
                "runAsNonRoot": {
                    "type": "boolean"
                },
                "runAsUser": {
                    "type": "integer"
                }
            }
        },
        "customLivenessProbe": {
            "type": "object"
        },
        "customOpen5gsConfig": {
            "type": "object"
        },
        "customReadinessProbe": {
            "type": "object"
        },
        "customStartupProbe": {
            "type": "object"
        },
        "dbURI": {
            "type": "string"
        },
        "extraDeploy": {
            "type": "array"
        },
        "extraEnvVars": {
            "type": "array"
        },
        "extraEnvVarsCM": {
            "type": "string"
        },
        "extraEnvVarsSecret": {
            "type": "string"
        },
        "extraVolumeMounts": {
            "type": "array"
        },
        "extraVolumes": {
            "type": "array"
        },
        "fullnameOverride": {
            "type": "string"
        },
        "global": {
            "type": "object",
            "properties": {
                "imagePullSecrets": {
                    "type": "array"
                },
                "imageRegistry": {
                    "type": "string"
                },
                "storageClass": {
                    "type": "string"
                }
            }
        },
        "hostAliases": {
            "type": "array"
        },
        "image": {
            "type": "object",
            "properties": {
                "debug": {
                    "type": "boolean"
                },
                "digest": {
                    "type": "string"
                },
                "pullPolicy": {
                    "type": "string"
                },
                "pullSecrets": {
                    "type": "array"
                },
                "registry": {
                    "type": "string"
                },
                "repository": {
                    "type": "string"
                },
                "tag": {
                    "type": "string"
                }
            }
        },
        "initContainers": {
            "type": "array"
        },
        "kubeVersion": {
            "type": "string"
        },
        "lifecycleHooks": {
            "type": "object"
        },
        "livenessProbe": {
            "type": "object",
            "properties": {
                "enabled": {
                    "type": "boolean"
                },
                "failureThreshold": {
                    "type": "integer"
                },
                "initialDelaySeconds": {
                    "type": "integer"
                },
                "periodSeconds": {
                    "type": "integer"
                },
                "successThreshold": {
                    "type": "integer"
                },
                "timeoutSeconds": {
                    "type": "integer"
                }
            }
        },
        "mongodb": {
            "type": "object",
            "properties": {
                "enabled": {
                    "type": "boolean"
                }
            }
        },
        "nameOverride": {
            "type": "string"
        },
        "namespaceOverride": {
            "type": "string"
        },
        "nodeAffinityPreset": {
            "type": "object",
            "properties": {
                "key": {
                    "type": "string"
                },
                "type": {
                    "type": "string"
                },
                "values": {
                    "type": "array"
                }
            }
        },
        "nodeSelector": {
            "type": "object"
        },
        "podAffinityPreset": {
            "type": "string"
        },
        "podAnnotations": {
            "type": "object"
        },
        "podAntiAffinityPreset": {
            "type": "string"
        },
        "podLabels": {
            "type": "object"
        },
        "podSecurityContext": {
            "type": "object",
            "properties": {
                "enabled": {
                    "type": "boolean"
                },
                "fsGroup": {
                    "type": "integer"
                }
            }
        },
        "priorityClassName": {
            "type": "string"
        },
        "readinessProbe": {
            "type": "object",
            "properties": {
                "enabled": {
                    "type": "boolean"
                },
                "failureThreshold": {
                    "type": "integer"
                },
                "initialDelaySeconds": {
                    "type": "integer"
                },
                "periodSeconds": {
                    "type": "integer"
                },
                "successThreshold": {
                    "type": "integer"
                },
                "timeoutSeconds": {
                    "type": "integer"
                }
            }
        },
        "replicaCount": {
            "type": "integer"
        },
        "resources": {
            "type": "object",
            "properties": {
                "limits": {
                    "type": "object"
                },
                "requests": {
                    "type": "object"
                }
            }
        },
        "schedulerName": {
            "type": "string"
        },
        "serviceAccount": {
            "type": "object",
            "properties": {
                "annotations": {
                    "type": "object"
                },
                "automountServiceAccountToken": {
                    "type": "boolean"
                },
                "create": {
                    "type": "boolean"
                },
                "name": {
                    "type": "string"
                }
            }
        },
        "services": {
            "type": "object",
            "properties": {
                "n32": {
                    "type": "object",
                    "properties": {
                        "annotations": {
                            "type": "object"
                        },
                        "clusterIP": {
                            "type": "string"
                        },
                        "externalTrafficPolicy": {
                            "type": "string"
                        },
                        "extraPorts": {
                            "type": "array"
                        },
                        "loadBalancerIP": {
                            "type": "string"
                        },
                        "loadBalancerSourceRanges": {
                            "type": "array"
                        },
                        "nodePorts": {
                            "type": "object",
                            "properties": {
                                "n32": {
                                    "type": "string"
                                }
                            }
                        },
                        "ports": {
                            "type": "object",
                            "properties": {
                                "n32": {
                                    "type": "integer"
                                }
                            }
                        },
                        "sessionAffinity": {
                            "type": "string"
                        },
                        "sessionAffinityConfig": {
                            "type": "object"
                        },
                        "type": {
                            "type": "string"
                        }
                    }
                },
                "sbi": {
                    "type": "object",
                    "properties": {
                        "annotations": {
                            "type": "object"
                        },
                        "clusterIP": {
                            "type": "string"
                        },
                        "externalTrafficPolicy": {
                            "type": "string"
                        },
                        "extraPorts": {
                            "type": "array"
                        },
                        "loadBalancerIP": {
                            "type": "string"
                        },
                        "loadBalancerSourceRanges": {
                            "type": "array"
                        },
                        "nodePorts": {
                            "type": "object",
                            "properties": {
                                "sbi": {
                                    "type": "string"
                                }
                            }
                        },
                        "ports": {
                            "type": "object",
                            "properties": {
                                "sbi": {
                                    "type": "integer"
                                }
                            }
                        },
                        "sessionAffinity": {
                            "type": "string"
                        },
                        "sessionAffinityConfig": {
                            "type": "object"
                        },
                        "type": {
                            "type": "string"
                        }
                    }
                }
            }
        },
        "sessionAffinity": {
            "type": "string"
        },
        "sidecars": {
            "type": "array"
        },
        "startupProbe": {
            "type": "object",
            "properties": {
                "enabled": {
                    "type": "boolean"
                },
                "failureThreshold": {
                    "type": "integer"
                },
                "initialDelaySeconds": {
                    "type": "integer"
                },
                "path": {
                    "type": "string"
                },
                "periodSeconds": {
                    "type": "integer"
                },
                "successThreshold": {
                    "type": "integer"
                },
                "timeoutSeconds": {
                    "type": "integer"
                }
            }
        },
        "tolerations": {
            "type": "array"
        },
        "topologySpreadConstraints": {
            "type": "array"
        },
        "updateStrategy": {
            "type": "object",
            "properties": {
                "type": {
                    "type": "string"
                }
            }
        }
    }
}
