{
    "$schema": "http://json-schema.org/schema#",
    "type": "object",
    "properties": {
        "enb": {
            "type": "object",
            "properties": {
                "mme": {
                    "type": "string",
                    "form": true,
                    "title": "MME hostname"
                },
                "mcc": {
                    "type": "string",
                    "form": "mcc",
                    "title": "Mobile Country Code"
                },
                "mnc": {
                    "type": "string",
                    "form": "mnc",
                    "title": "Mobile Network Code"
                },
                "tac": {
                    "type": "string",
                    "form": "tac",
                    "title": "Track Area Code"
                },
                "resources": {
                    "type": "object"
                }
            }
        },
        "image": {
            "type": "object",
            "properties": {
                "pullPolicy": {
                    "type": "string"
                },
                "registry": {
                    "type": "string"
                },
                "repository": {
                    "type": "string"
                },
                "tag": {
                    "type": "string"
                }
            }
        },
        "ue": {
            "type": "object",
            "properties": {
                "imei": {
                    "type": "string",
                    "form": true,
                    "title": "imei"
                },
                "imsi": {
                    "type": "string",
                    "form": true,
                    "title": "imsi"
                },
                "k": {
                    "type": "string",
                    "form": true
                },
                "opc": {
                    "type": "string",
                    "form": true
                },
                "resources": {
                    "type": "object"
                }
            }
        }
    }
}
