{
    "$schema": "http://json-schema.org/schema#",
    "type": "object",
    "properties": {
        "affinity": {
            "type": "object"
        },
        "args": {
            "type": "array"
        },
        "command": {
            "type": "array"
        },
        "commonAnnotations": {
            "type": "object"
        },
        "commonLabels": {
            "type": "object"
        },
        "config": {
            "type": "object",
            "properties": {
                "guamiList": {
                    "type": "array",
                    "items": {
                        "type": "object",
                        "properties": {
                            "amf_id": {
                                "type": "object",
                                "properties": {
                                    "region": {
                                        "type": "integer"
                                    },
                                    "set": {
                                        "type": "integer"
                                    }
                                }
                            },
                            "plmn_id": {
                                "type": "object",
                                "properties": {
                                    "mcc": {
                                        "type": "string"
                                    },
                                    "mnc": {
                                        "type": "string"
                                    }
                                }
                            }
                        }
                    }
                },
                "logLevel": {
                    "type": "string"
                },
                "advertise": {
                    "type": "string"
                },
                "networkName": {
                    "type": "string"
                },
                "plmnList": {
                    "type": "array",
                    "items": {
                        "type": "object",
                        "properties": {
                            "plmn_id": {
                                "type": "object",
                                "properties": {
                                    "mcc": {
                                        "type": "string"
                                    },
                                    "mnc": {
                                        "type": "string"
                                    }
                                }
                            },
                            "s_nssai": {
                                "type": "array",
                                "items": {
                                    "type": "object",
                                    "properties": {
                                        "sd": {
                                            "type": "string"
                                        },
                                        "sst": {
                                            "type": "integer"
                                        }
                                    }
                                }
                            }
                        }
                    }
                },
                "sbi": {
                    "type": "object",
                    "properties": {
                        "client": {
                            "type": "object",
                            "properties": {
                                "nrf": {
                                    "type": "object",
                                    "properties": {
                                        "enabled": {
                                            "type": "boolean"
                                        },
                                        "uri": {
                                            "type": "string"
                                        }
                                    }
                                },
                                "scp": {
                                    "type": "object",
                                    "properties": {
                                        "enabled": {
                                            "type": "boolean"
                                        },
                                        "uri": {
                                            "type": "string"
                                        }
                                    }
                                }
                            }
                        },
                        "server": {
                        "type": ["null", "object"],
                        "properties": {
                            "dev": {
                            "type": "string"
                            },
                            "address": {
                            "type": "string"
                            },
                            "advertise": {
                            "type": "string"
                            }
                        },
                        "additionalProperties": false
                        }
                    }
                },
                "taiList": {
                    "type": "array",
                    "items": {
                        "type": "object",
                        "properties": {
                            "plmn_id": {
                                "type": "object",
                                "properties": {
                                    "mcc": {
                                        "type": "string"
                                    },
                                    "mnc": {
                                        "type": "string"
                                    }
                                }
                            },
                            "tac": {
                                "type": "array",
                                "items": {
                                    "type": "integer"
                                }
                            }
                        }
                    }
                }
            }
        },
        "containerPorts": {
            "type": "object",
            "properties": {
                "metrics": {
                    "type": "integer"
                },
                "ngap": {
                    "type": "integer"
                },
                "sbi": {
                    "type": "integer"
                }
            }
        },
        "containerSecurityContext": {
            "type": "object",
            "properties": {
                "enabled": {
                    "type": "boolean"
                },
                "runAsNonRoot": {
                    "type": "boolean"
                },
                "runAsUser": {
                    "type": "integer"
                }
            }
        },
        "customLivenessProbe": {
            "type": "object"
        },
        "customOpen5gsConfig": {
            "type": "object"
        },
        "customReadinessProbe": {
            "type": "object"
        },
        "customStartupProbe": {
            "type": "object"
        },
        "extraDeploy": {
            "type": "array"
        },
        "extraEnvVars": {
            "type": "array"
        },
        "extraEnvVarsCM": {
            "type": "string"
        },
        "extraEnvVarsSecret": {
            "type": "string"
        },
        "extraVolumeMounts": {
            "type": "array"
        },
        "extraVolumes": {
            "type": "array"
        },
        "fullnameOverride": {
            "type": "string"
        },
        "global": {
            "type": "object",
            "properties": {
                "imagePullSecrets": {
                    "type": "array"
                },
                "imageRegistry": {
                    "type": "string"
                },
                "storageClass": {
                    "type": "string"
                }
            }
        },
        "hostAliases": {
            "type": "array"
        },
        "image": {
            "type": "object",
            "properties": {
                "debug": {
                    "type": "boolean"
                },
                "digest": {
                    "type": "string"
                },
                "pullPolicy": {
                    "type": "string"
                },
                "pullSecrets": {
                    "type": "array"
                },
                "registry": {
                    "type": "string"
                },
                "repository": {
                    "type": "string"
                },
                "tag": {
                    "type": "string"
                }
            }
        },
        "initContainers": {
            "type": "array"
        },
        "kubeVersion": {
            "type": "string"
        },
        "lifecycleHooks": {
            "type": "object"
        },
        "livenessProbe": {
            "type": "object",
            "properties": {
                "enabled": {
                    "type": "boolean"
                },
                "failureThreshold": {
                    "type": "integer"
                },
                "initialDelaySeconds": {
                    "type": "integer"
                },
                "periodSeconds": {
                    "type": "integer"
                },
                "successThreshold": {
                    "type": "integer"
                },
                "timeoutSeconds": {
                    "type": "integer"
                }
            }
        },
        "metrics": {
            "type": "object",
            "properties": {
                "enabled": {
                    "type": "boolean"
                },
                "serviceMonitor": {
                    "type": "object",
                    "properties": {
                        "additionalLabels": {
                            "type": "object"
                        },
                        "enabled": {
                            "type": "boolean"
                        },
                        "honorLabels": {
                            "type": "boolean"
                        },
                        "interval": {
                            "type": "string"
                        },
                        "metricRelabelings": {
                            "type": "array"
                        },
                        "namespace": {
                            "type": "string"
                        },
                        "relabelings": {
                            "type": "array"
                        },
                        "scrapeTimeout": {
                            "type": "string"
                        }
                    }
                },
                "serviceScrape": {
                    "type": "object",
                    "properties": {
                        "additionalLabels": {
                            "type": "object"
                        },
                        "enabled": {
                            "type": "boolean"
                        },
                        "namespace": {
                            "type": "string"
                        },
                        "scrape_interval": {
                            "type": "string"
                        }
                    }
                }
            }
        },
        "nameOverride": {
            "type": "string"
        },
        "namespaceOverride": {
            "type": "string"
        },
        "nodeAffinityPreset": {
            "type": "object",
            "properties": {
                "key": {
                    "type": "string"
                },
                "type": {
                    "type": "string"
                },
                "values": {
                    "type": "array"
                }
            }
        },
        "nodeSelector": {
            "type": "object"
        },
        "podAffinityPreset": {
            "type": "string"
        },
        "podAnnotations": {
            "type": "object"
        },
        "podAntiAffinityPreset": {
            "type": "string"
        },
        "podLabels": {
            "type": "object"
        },
        "podSecurityContext": {
            "type": "object",
            "properties": {
                "enabled": {
                    "type": "boolean"
                },
                "fsGroup": {
                    "type": "integer"
                }
            }
        },
        "priorityClassName": {
            "type": "string"
        },
        "readinessProbe": {
            "type": "object",
            "properties": {
                "enabled": {
                    "type": "boolean"
                },
                "failureThreshold": {
                    "type": "integer"
                },
                "initialDelaySeconds": {
                    "type": "integer"
                },
                "periodSeconds": {
                    "type": "integer"
                },
                "successThreshold": {
                    "type": "integer"
                },
                "timeoutSeconds": {
                    "type": "integer"
                }
            }
        },
        "replicaCount": {
            "type": "integer"
        },
        "resources": {
            "type": "object",
            "properties": {
                "limits": {
                    "type": "object"
                },
                "requests": {
                    "type": "object"
                }
            }
        },
        "schedulerName": {
            "type": "string"
        },
        "serviceAccount": {
            "type": "object",
            "properties": {
                "annotations": {
                    "type": "object"
                },
                "automountServiceAccountToken": {
                    "type": "boolean"
                },
                "create": {
                    "type": "boolean"
                },
                "name": {
                    "type": "string"
                }
            }
        },
        "services": {
            "type": "object",
            "properties": {
                "metrics": {
                    "type": "object",
                    "properties": {
                        "annotations": {
                            "type": "object",
                            "properties": {
                                "prometheus.io/path": {
                                    "type": "string"
                                }
                            }
                        },
                        "clusterIP": {
                            "type": "string"
                        },
                        "externalTrafficPolicy": {
                            "type": "string"
                        },
                        "extraPorts": {
                            "type": "array"
                        },
                        "loadBalancerIP": {
                            "type": "string"
                        },
                        "loadBalancerSourceRanges": {
                            "type": "array"
                        },
                        "nodePorts": {
                            "type": "object",
                            "properties": {
                                "metrics": {
                                    "type": "string"
                                }
                            }
                        },
                        "ports": {
                            "type": "object",
                            "properties": {
                                "metrics": {
                                    "type": "integer"
                                }
                            }
                        },
                        "sessionAffinity": {
                            "type": "string"
                        },
                        "sessionAffinityConfig": {
                            "type": "object"
                        },
                        "type": {
                            "type": "string"
                        }
                    }
                },
                "ngap": {
                    "type": "object",
                    "properties": {
                        "annotations": {
                            "type": "object"
                        },
                        "clusterIP": {
                            "type": "string"
                        },
                        "externalTrafficPolicy": {
                            "type": "string"
                        },
                        "extraPorts": {
                            "type": "array"
                        },
                        "loadBalancerIP": {
                            "type": "string"
                        },
                        "loadBalancerSourceRanges": {
                            "type": "array"
                        },
                        "nodePorts": {
                            "type": "object",
                            "properties": {
                                "ngap": {
                                    "type": "string"
                                }
                            }
                        },
                        "ports": {
                            "type": "object",
                            "properties": {
                                "ngap": {
                                    "type": "integer"
                                }
                            }
                        },
                        "sessionAffinity": {
                            "type": "string"
                        },
                        "sessionAffinityConfig": {
                            "type": "object"
                        },
                        "type": {
                            "type": "string"
                        }
                    }
                },
                "sbi": {
                    "type": "object",
                    "properties": {
                        "annotations": {
                            "type": "object"
                        },
                        "clusterIP": {
                            "type": "string"
                        },
                        "externalTrafficPolicy": {
                            "type": "string"
                        },
                        "extraPorts": {
                            "type": "array"
                        },
                        "loadBalancerIP": {
                            "type": "string"
                        },
                        "loadBalancerSourceRanges": {
                            "type": "array"
                        },
                        "nodePorts": {
                            "type": "object",
                            "properties": {
                                "sbi": {
                                    "type": "string"
                                }
                            }
                        },
                        "ports": {
                            "type": "object",
                            "properties": {
                                "sbi": {
                                    "type": "integer"
                                }
                            }
                        },
                        "sessionAffinity": {
                            "type": "string"
                        },
                        "sessionAffinityConfig": {
                            "type": "object"
                        },
                        "type": {
                            "type": "string"
                        }
                    }
                }
            }
        },
        "sessionAffinity": {
            "type": "string"
        },
        "sidecars": {
            "type": "array"
        },
        "startupProbe": {
            "type": "object",
            "properties": {
                "enabled": {
                    "type": "boolean"
                },
                "failureThreshold": {
                    "type": "integer"
                },
                "initialDelaySeconds": {
                    "type": "integer"
                },
                "path": {
                    "type": "string"
                },
                "periodSeconds": {
                    "type": "integer"
                },
                "successThreshold": {
                    "type": "integer"
                },
                "timeoutSeconds": {
                    "type": "integer"
                }
            }
        },
        "tolerations": {
            "type": "array"
        },
        "topologySpreadConstraints": {
            "type": "array"
        },
        "updateStrategy": {
            "type": "object",
            "properties": {
                "type": {
                    "type": "string"
                }
            }
        }
    }
}
